School,School ID,State,Focus,ID,Degree,ID,RPL
Everest University,School ID,State,Focus,Focus ID,Degree,Degree ID,RPL
Everest University,,Online,Medical Coding & Billing,0,Associates,2,$	55.00
Everest University,,FL,Medical Coding & Billing,0,Associates,2,$	55.00
Everest University,,FL,Medical Assisting,1,Associates,2,$	55.00
Everest University,,FL,Radiology,7,Associates,2,$	55.00
Everest University,,FL,Dental Assisting,5,Associates,2,$	55.00
Everest University,,FL,Health Care Administration,3,Associates,2,$	55.00
Everest University,,FL,Pharmacy Technician,2,Associates,2,$	55.00
Everest University,,FL,Medical Office,4,Associates,2,$	55.00
Herzing College,School ID,State,Focus,Focus ID,Degree,Degree ID,RPL
Herzing College,,MN,Dental Assisting,5,Associates,2,$	40.00
Herzing College,,MN,Dental Assisting,5,Diploma,0,$	40.00
Herzing College,,MN,Medical Coding & Billing,0,Associates,2,$	40.00
Herzing College,,MN,Medical Coding & Billing,0,Diploma,0,$	40.00
Herzing College,,MN,Medical Assisting,1,Associates,2,$	40.00
Herzing College,,MN,Medical Assisting,1,Diploma,0,$	40.00
Herzing College,,MN,Medical Office,4,Associates,2,$	40.00
Herzing College,,MN,Medical Office,4,Diploma,0,$	40.00
Herzing College,,MN,Health Care Administration,3,Bachelors,3,$	40.00
Herzing College,,LA,Medical Coding & Billing,0,Associates,2,$	40.00
Herzing College,,LA,Medical Coding & Billing,0,Diploma,0,$	40.00
Herzing College,,LA,Medical Assisting,1,Associates,2,$	40.00
Herzing College,,LA,Medical Assisting,1,Diploma,0,$	40.00
Herzing College,,LA,Health Care Administration,3,Bachelors,3,$	40.00
Herzing College,,LA,Health Care Administration,3,Associates,2,$	40.00
Herzing College,,OH,Medical Assisting,1,Associates,2,$	40.00
University of Phoenix,School ID,State,Focus,Focus ID,Degree,Degree ID,RPL
University of Phoenix,,AZ,Pharmacy Technician,2,Associates,2,$	53.00
University of Phoenix,,AZ,Medical Coding & Billing,0,Associates,2,$	53.00
University of Phoenix,,AZ,Health Care Administration,3,Bachelors,3,$	53.00
University of Phoenix,,AZ,Health Care Administration,3,Associates,2,$	53.00
University of Phoenix,,AZ,Health Care Administration,3,Masters,4,$	53.00
University of Phoenix,,GA,Health Care Administration,3,Associates,2,$	53.00
University of Phoenix,,GA,Health Care Administration,3,Bachelors,3,$	53.00
University of Phoenix,,GA,Health Care Administration,3,Masters,4,$	53.00
University of Phoenix,,TX,Health Care Administration,3,Associates,2,$	53.00
University of Phoenix,,TX,Health Care Administration,3,Bachelors,3,$	53.00
University of Phoenix,,TX,Health Care Administration,3,Masters,4,$	53.00
University of Phoenix,,CA,Health Care Administration,3,Associates,2,$	53.00
University of Phoenix,,CA,Health Care Administration,3,Bachelors,3,$	53.00
University of Phoenix,,CA,Health Care Administration,3,Masters,4,$	53.00
University of Phoenix,,AL,Health Care Administration,3,Associates,2,$	53.00
University of Phoenix,,AL,Health Care Administration,3,Bachelors,3,$	53.00
University of Phoenix,,AL,Health Care Administration,3,Masters,4,$	53.00
University of Phoenix,,NC,Health Care Administration,3,Associates,2,$	53.00
University of Phoenix,,NC,Health Care Administration,3,Bachelors,3,$	53.00
University of Phoenix,,NC,Health Care Administration,3,Masters,4,$	53.00
University of Phoenix,,TN,Health Care Administration,3,Associates,2,$	53.00
University of Phoenix,,TN,Health Care Administration,3,Bachelors,3,$	53.00
University of Phoenix,,TN,Health Care Administration,3,Masters,4,$	53.00
University of Phoenix,,IL,Health Care Administration,3,Associates,2,$	53.00
University of Phoenix,,IL,Health Care Administration,3,Bachelors,3,$	53.00
University of Phoenix,,IL,Health Care Administration,3,Masters,4,$	53.00
University of Phoenix,,OH,Health Care Administration,3,Associates,2,$	53.00
University of Phoenix,,OH,Health Care Administration,3,Bachelors,3,$	53.00
University of Phoenix,,OH,Health Care Administration,3,Masters,4,$	53.00
University of Phoenix,,CO,Health Care Administration,3,Associates,2,$	53.00
University of Phoenix,,CO,Health Care Administration,3,Bachelors,3,$	53.00
University of Phoenix,,CO,Health Care Administration,3,Masters,4,$	53.00
University of Phoenix,,MI,Health Care Administration,3,Associates,2,$	53.00
University of Phoenix,,MI,Health Care Administration,3,Bachelors,3,$	53.00
University of Phoenix,,MI,Health Care Administration,3,Masters,4,$	53.00
University of Phoenix,,FL,Health Care Administration,3,Associates,2,$	53.00
University of Phoenix,,FL,Health Care Administration,3,Bachelors,3,$	53.00
University of Phoenix,,FL,Health Care Administration,3,Masters,4,$	53.00
University of Phoenix,,HI,Health Care Administration,3,Associates,2,$	53.00
University of Phoenix,,HI,Health Care Administration,3,Bachelors,3,$	53.00
University of Phoenix,,HI,Health Care Administration,3,Masters,4,$	53.00
University of Phoenix,,ID,Health Care Administration,3,Associates,2,$	53.00
University of Phoenix,,ID,Health Care Administration,3,Bachelors,3,$	53.00
University of Phoenix,,ID,Health Care Administration,3,Masters,4,$	53.00
University of Phoenix,,IN,Health Care Administration,3,Associates,2,$	53.00
University of Phoenix,,IN,Health Care Administration,3,Bachelors,3,$	53.00
University of Phoenix,,IN,Health Care Administration,3,Masters,4,$	53.00
University of Phoenix,,KS,Health Care Administration,3,Associates,2,$	53.00
University of Phoenix,,KS,Health Care Administration,3,Bachelors,3,$	53.00
University of Phoenix,,NV,Health Care Administration,3,Associates,2,$	53.00
University of Phoenix,,NV,Health Care Administration,3,Masters,4,$	53.00
University of Phoenix,,NV,Health Care Administration,3,Bachelors,3,$	53.00
University of Phoenix,,LA,Health Care Administration,3,Associates,2,$	53.00
University of Phoenix,,LA,Health Care Administration,3,Bachelors,3,$	53.00
University of Phoenix,,LA,Health Care Administration,3,Masters,4,$	53.00
University of Phoenix,,WI,Health Care Administration,3,Associates,2,$	53.00
University of Phoenix,,WI,Health Care Administration,3,Bachelors,3,$	53.00
University of Phoenix,,WI,Health Care Administration,3,Masters,4,$	53.00
University of Phoenix,,KY,Health Care Administration,3,Associates,2,$	53.00
University of Phoenix,,MO,Health Care Administration,3,Bachelors,3,$	53.00
University of Phoenix,,MO,Health Care Administration,3,Associates,2,$	53.00
University of Phoenix,,NM,Health Care Administration,3,Associates,2,$	53.00
University of Phoenix,,VA,Health Care Administration,3,Associates,2,$	53.00
University of Phoenix,,VA,Health Care Administration,3,Bachelors,3,$	53.00
University of Phoenix,,VA,Health Care Administration,3,Masters,4,$	53.00
University of Phoenix,,OK,Health Care Administration,3,Associates,2,$	53.00
University of Phoenix,,OK,Health Care Administration,3,Bachelors,3,$	53.00
University of Phoenix,,OK,Health Care Administration,3,Masters,4,$	53.00
University of Phoenix,,OR,Health Care Administration,3,Associates,2,$	53.00
University of Phoenix,,OR,Health Care Administration,3,Bachelors,3,$	53.00
University of Phoenix,,OR,Health Care Administration,3,Masters,4,$	53.00
University of Phoenix,,PA,Health Care Administration,3,Associates,2,$	53.00
University of Phoenix,,PA,Health Care Administration,3,Bachelors,3,$	53.00
University of Phoenix,,PA,Health Care Administration,3,Masters,4,$	53.00
University of Phoenix,,NC,Health Care Administration,3,Associates,2,$	53.00
University of Phoenix,,NC,Health Care Administration,3,Bachelors,3,$	53.00
University of Phoenix,,NC,Health Care Administration,3,Masters,4,$	53.00
University of Phoenix,,UT,Health Care Administration,3,Associates,2,$	53.00
University of Phoenix,,UT,Health Care Administration,3,Bachelors,3,$	53.00
University of Phoenix,,UT,Health Care Administration,3,Masters,4,$	53.00
University of Phoenix,,WA,Health Care Administration,3,Associates,2,$	53.00
South University,School ID,State,Focus,Focus ID,Degree,Degree ID,RPL
South University,,GA,Health Care Administration,3,Bachelors,3,$	45.00
South University,,GA,Medical Assisting,1,Associates,2,$	45.00
South University,,GA,Health Care Administration,3,MBA,7,$	45.00
South University,,SC,Health Care Administration,3,Bachelors,3,$	45.00
South University,,SC,Health Care Administration,3,MBA,7,$	45.00
South University,,SC,Medical Assisting,1,Associates,2,$	45.00
South University,,AL,Health Care Administration,3,Bachelors,3,$	45.00
South University,,AL,Health Care Administration,3,MBA,7,$	45.00
South University,,AL,Medical Assisting,1,Associates,2,$	45.00
South University,,FL,Medical Assisting,1,Associates,2,$	45.00
South University,,FL,Health Care Administration,3,Bachelors,3,$	45.00
South University,,FL,Health Care Administration,3,MBA,7,$	45.00
American Intercontinental University,School ID,State,Focus,Focus ID,Degree,Degree ID,RPL
American Intercontinental University,,Online,Medical Coding & Billing,0,Associates,2,$	55.00
American Intercontinental University,,Online,Health Care Administration,3,MBA,7,$	55.00
American Intercontinental University,,Online,Health Care Administration,3,Bachelors,3,$	55.00
American Intercontinental University,,Online,Health Care Administration,3,Associates,2,$	55.00
Everest College,School ID,State,Focus,Focus ID,Degree,Degree ID,RPL
Everest College,,CA,Pharmacy Technician,2,Associates,2,$	55.00
Everest College,,CA,Medical Coding & Billing,0,Associates,2,$	55.00
Everest College,,CA,Medical Assisting,1,Associates,2,$	55.00
Everest College,,CA,Dental Assisting,5,Associates,2,$	55.00
Everest College,,VA,Medical Assisting,1,Associates,2,$	55.00
Everest College,,VA,Medical Coding & Billing,0,Associates,2,$	55.00
Everest College,,VA,Dental Assisting,5,Associates,2,$	55.00
Everest College,,WA,Pharmacy Technician,2,Associates,2,$	55.00
Everest College,,WA,Medical Assisting,1,Associates,2,$	55.00
Everest College,,WA,Medical Coding & Billing,0,Associates,2,$	55.00
Everest College,,WA,Dental Assisting,5,Associates,2,$	55.00
Everest College,,IL,Medical Assisting,1,Associates,2,$	55.00
Everest College,,IL,Medical Coding & Billing,0,Associates,2,$	55.00
Everest College,,IL,Dental Assisting,5,Associates,2,$	55.00
Everest College,,IL,Pharmacy Technician,2,Associates,2,$	55.00
Everest College,,CO,Medical Assisting,1,Associates,2,$	55.00
Everest College,,CO,Medical Coding & Billing,0,Associates,2,$	55.00
Everest College,,CO,Dental Assisting,5,Associates,2,$	55.00
Everest College,,CO,Pharmacy Technician,2,Associates,2,$	55.00
Everest College,,TX,Medical Assisting,1,Associates,2,$	55.00
Everest College,,TX,Medical Coding & Billing,0,Associates,2,$	55.00
Everest College,,TX,Health Care Administration,3,Diploma,0,$	55.00
Everest College,,TX,Pharmacy Technician,2,Associates,2,$	55.00
Everest College,,IN,Medical Assisting,1,Associates,2,$	55.00
Everest College,,IN,Medical Coding & Billing,0,Associates,2,$	55.00
Everest College,,IN,Health Care Administration,3,Diploma,0,$	55.00
Everest College,,IN,Dental Assisting,5,Associates,2,$	55.00
Everest College,,AZ,Medical Assisting,1,Associates,2,$	55.00
Everest College,,AZ,Medical Coding & Billing,0,Associates,2,$	55.00
Everest College,,OR,Pharmacy Technician,2,Associates,2,$	55.00
Everest College,,OR,Medical Assisting,1,Associates,2,$	55.00
Everest College,,OR,Medical Coding & Billing,0,Associates,2,$	55.00
Everest College,,UT,Pharmacy Technician,2,Diploma,0,$	55.00
Everest College,,UT,Medical Assisting,1,Associates,2,$	55.00
Everest College,,UT,Medical Assisting,1,Diploma,0,$	55.00
Everest College,,UT,Medical Coding & Billing,0,Diploma,0,$	55.00
Everest College,,MO,Medical Assisting,1,Associates,2,$	55.00
Everest College,,MO,Dental Assisting,5,Associates,2,$	55.00
Everest College,,MO,Medical Assisting,1,Diploma,0,$	55.00
Everest College,,MO,Medical Coding & Billing,0,Diploma,0,$	55.00
Sanford-Brown Institute,School ID,State,Focus,Focus ID,Degree,Degree ID,RPL
Sanford-Brown Institute,,GA,Medical Coding & Billing,0,Associates,2,$	36.00
Sanford-Brown Institute,,GA,Pharmacy Technician,2,Certificate,1,$	36.00
Sanford-Brown Institute,,GA,Medical Assisting,1,Certificate,1,$	36.00
Sanford-Brown Institute,,FL,Pharmacy Technician,2,Diploma,0,$	36.00
Sanford-Brown Institute,,FL,Medical Coding & Billing,0,Diploma,0,$	36.00
Sanford-Brown Institute,,FL,Medical Assisting,1,Diploma,0,$	36.00
Sanford-Brown Institute,,FL,Dental Assisting,5,Diploma,0,$	36.00
Sanford-Brown Institute,,NY,Pharmacy Technician,2,Certificate,1,$	36.00
Sanford-Brown Institute,,NY,Medical Coding & Billing,0,Certificate,1,$	36.00
Sanford-Brown Institute,,NY,Medical Coding & Billing,0,Associates,2,$	36.00
Sanford-Brown Institute,,NY,Medical Assisting,1,Certificate,1,$	36.00
Sanford-Brown Institute,,NJ,Pharmacy Technician,2,Certificate,1,$	36.00
Sanford-Brown Institute,,NJ,Medical Coding & Billing,0,Certificate,1,$	36.00
Sanford-Brown Institute,,NJ,Medical Assisting,1,Certificate,1,$	36.00
Sanford-Brown Institute,,MD,Medical Coding & Billing,0,Certificate,1,$	36.00
Sanford-Brown Institute,,MD,Medical Assisting,1,Certificate,1,$	36.00
Sanford-Brown Institute,,PA,Pharmacy Technician,2,Associates,2,$	36.00
Sanford-Brown Institute,,PA,Medical Coding & Billing,0,Diploma,0,$	36.00
Sanford-Brown Institute,,PA,Medical Assisting,1,Associates,2,$	36.00
Sanford-Brown Institute,,PA,Medical Assisting,1,Diploma,0,$	36.00
Sanford-Brown Institute,,PA,Dental Assisting,5,Diploma,0,$	36.00
Sanford-Brown Institute,,PA,Radiology,7,Associates,2,$	36.00
Sanford-Brown Institute,,PA,Veterinary,6,Associates,2,$	36.00
Sanford-Brown Institute,,PA,Medical Assisting,1,Associates,2,$	36.00
Sanford-Brown Institute,,PA,Medical Assisting,1,Diploma,0,$	36.00
Sanford-Brown College,School ID,State,Focus,Focus ID,Degree,Degree ID,RPL
Sanford-Brown College,,OH,Radiology,7,Associates,2,$	36.00
Sanford-Brown College,,OH,Medical Assisting,1,Diploma,0,$	36.00
Sanford-Brown College,,OH,Pharmacy Technician,2,Diploma,0,$	36.00
Sanford-Brown College,,OH,Medical Coding & Billing,0,Diploma,0,$	36.00
Sanford-Brown College,,IL,Medical Coding & Billing,0,Diploma,0,$	36.00
Sanford-Brown College,,IL,Medical Assisting,1,Diploma,0,$	36.00
Sanford-Brown College,,MO,Veterinary,6,Associates,2,$	36.00
Sanford-Brown College,,MO,Medical Coding & Billing,0,Associates,2,$	36.00
Sanford-Brown College,,MO,Medical Coding & Billing,0,Diploma,0,$	36.00
Sanford-Brown College,,MO,Radiology,7,Associates,2,$	36.00
Sanford-Brown College,,MO,Medical Assisting,1,Associates,2,$	36.00
Sanford-Brown College,,MO,Medical Assisting,1,Diploma,0,$	36.00
Sanford-Brown College,,MO,Health Care Administration,3,Bachelors,3,$	36.00
Sanford-Brown College,,MO,Dental Assisting,5,Certificate,1,$	36.00
Sanford-Brown College,,TX,Pharmacy Technician,2,Certificate,1,$	36.00
Sanford-Brown College,,TX,Medical Coding & Billing,0,Certificate,1,$	36.00
Sanford-Brown College,,TX,Medical Assisting,1,Certificate,1,$	36.00
Sanford-Brown College,,WI,Radiology,7,Associates,2,$	36.00
Sanford-Brown College,,WI,Medical Coding & Billing,0,Diploma,0,$	36.00
Sanford-Brown College,,WI,Medical Assisting,1,Associates,2,$	36.00
Sanford-Brown College,,WI,Medical Assisting,1,Diploma,0,$	36.00
Sanford-Brown College,,VA,Medical Coding & Billing,0,Associates,2,$	36.00
Sanford-Brown College,,VA,Medical Assisting,1,Associates,2,$	36.00
Sanford-Brown College,,VA,Medical Assisting,1,Certificate,1,$	36.00
Everest Institute,School ID,State,Focus,Focus ID,Degree,Degree ID,RPL
Everest Institute,,TX,Medical Assisting,1,Associates,2,$	55.00
Everest Institute,,TX,Medical Coding & Billing,0,Associates,2,$	55.00
Everest Institute,,TX,Medical Offices,4,Associates,2,$	55.00
Everest Institute,,TX,Dental Assisting,5,Associates,2,$	55.00
Everest Institute,,TX,Pharmacy Technician,2,Associates,2,$	55.00
Everest Institute,,MA,Dental Assisting,5,Associates,2,$	55.00
Everest Institute,,MA,Medical Assisting,1,Associates,2,$	55.00
Everest Institute,,MA,Medical Coding & Billing,0,Associates,2,$	55.00
Everest Institute,,OH,Medical Coding & Billing,0,Associates,2,$	55.00
Everest Institute,,OH,Pharmacy Technician,2,Associates,2,$	55.00
Everest Institute,,OH,Medical Assisting,1,Associates,2,$	55.00
Everest Institute,,WV,Medical Coding & Billing,0,Associates,2,$	55.00
Everest Institute,,WV,Medical Assisting,1,Associates,2,$	55.00
Everest Institute,,MI,Medical Coding & Billing,0,Associates,2,$	55.00
Everest Institute,,MI,Medical Assisting,1,Associates,2,$	55.00
Everest Institute,,MI,Dental Assisting,5,Associates,2,$	55.00
Everest Institute,,MI,Pharmacy Technician,2,Associates,2,$	55.00
Everest Institute,,MI,Medical Offices,4,Associates,2,$	55.00
Everest Institute,,GA,Medical Coding & Billing,0,Associates,2,$	55.00
Everest Institute,,GA,Medical Assisting,1,Associates,2,$	55.00
Everest Institute,,GA,Pharmacy Technician,2,Associates,2,$	55.00
Everest Institute,,GA,Dental Assisting,5,Associates,2,$	55.00
Everest Institute,,MN,Pharmacy Technician,2,Associates,2,$	55.00
Everest Institute,,MN,Medical Coding & Billing,0,Associates,2,$	55.00
Everest Institute,,MN,Medical Assisting,1,Associates,2,$	55.00
Everest Institute,,FL,Pharmacy Technician,2,Associates,2,$	55.00
Everest Institute,,FL,Medical Coding & Billing,0,Associates,2,$	55.00
Everest Institute,,FL,Medical Assisting,1,Associates,2,$	55.00
Everest Institute,,PA,Pharmacy Technician,2,Associates,2,$	55.00
Everest Institute,,PA,Medical Assisting,1,Associates,2,$	55.00
Everest Institute,,PA,Health Care Administration,3,Associates,2,$	55.00
Everest Institute,,OR,Medical Coding & Billing,0,Associates,2,$	55.00
Everest Institute,,NY,Medical Coding & Billing,0,Associates,2,$	55.00
Everest Institute,,NY,Medical Assisting,1,Associates,2,$	55.00
Everest Institute,,MD,Medical Assisting,1,Diploma,0,$	55.00
Everest Institute,,NJ,Pharmacy Technician,2,Associates,2,$	55.00
Everest Institute,,NJ,Medical Coding & Billing,0,Associates,2,$	55.00
Everest Institute,,NJ,Medical Assisting,1,Associates,2,$	55.00
Remington College,School ID,State,Focus,Focus ID,Degree,Degree ID,RPL
Remington College,,LA,Pharmacy Technician,2,Associates,2,$	50.00
Remington College,,LA,Medical Coding & Billing,0,Associates,2,$	50.00
Remington College,,LA,Medical Coding & Billing,0,Diploma,0,$	50.00
Remington College,,LA,Medical Assisting,1,Associates,2,$	50.00
Remington College,,LA,Medical Assisting,1,Diploma,0,$	50.00
Remington College,,OH,Pharmacy Technician,2,Associates,2,$	50.00
Remington College,,OH,Medical Coding & Billing,0,Associates,2,$	50.00
Remington College,,OH,Medical Assisting,1,Associates,2,$	50.00
Remington College,,OH,Dental Assisting,5,Associates,2,$	50.00
Remington College,,CO,Medical Assisting,1,Associates,2,$	50.00
Remington College,,CO,Pharmacy Technician,2,Associates,2,$	50.00
Remington College,,TX,Medical Assisting,1,Associates,2,$	50.00
Remington College,,TX,Medical Assisting,1,Diploma,0,$	50.00
Remington College,,TX,Pharmacy Technician,2,Associates,2,$	50.00
Remington College,,TX,Medical Coding & Billing,0,Associates,2,$	50.00
Remington College,,TX,Medical Coding & Billing,0,Diploma,0,$	50.00
Remington College,,HI,Medical Assisting,1,Associates,2,$	50.00
Remington College,,AR,Medical Assisting,1,Associates,2,$	50.00
Remington College,,AR,Pharmacy Technician,2,Associates,2,$	50.00
Remington College,,AR,Medical Coding & Billing,0,Associates,2,$	50.00
Remington College,,TN,Medical Assisting,1,Associates,2,$	50.00
Remington College,,TN,Pharmacy Technician,2,Associates,2,$	50.00
Remington College,,TN,Medical Coding & Billing,0,Associates,2,$	50.00
Remington College,,TN,Dental Assisting,5,Associates,2,$	50.00
Remington College,,AL,Medical Assisting,1,Associates,2,$	50.00
Remington College,,AL,Pharmacy Technician,2,Associates,2,$	50.00
Remington College,,FL,Medical Coding & Billing,0,Associates,2,$	50.00
Remington College,,FL,Medical Assisting,1,Associates,2,$	50.00
Rasmussen College,School ID,State,Focus,Focus ID,Degree,Degree ID,RPL
Rasmussen College,,ND,Medical Coding & Billing,0,Diploma,0,$	40.00
Rasmussen College,,ND,Medical Office,4,Associates,2,$	40.00
Rasmussen College,,ND,Health Care Administration,3,Associates,2,$	40.00
Rasmussen College,,MN,Medical Assisting,1,Associates,2,$	40.00
Rasmussen College,,MN,Health Care Administration,3,Bachelors,3,$	40.00
Rasmussen College,,MN,Health Care Administration,3,Associates,2,$	40.00
Rasmussen College,,MN,Pharmacy Technician,2,Associates,2,$	40.00
Rasmussen College,,MN,Medical Coding & Billing,0,Diploma,0,$	40.00
Rasmussen College,,MN,Medical Office,4,Associates,2,$	40.00
Rasmussen College,,FL,Medical Assisting,1,Associates,2,$	40.00
Rasmussen College,,FL,Medical Assisting,1,Diploma,0,$	40.00
Rasmussen College,,FL,Medical Coding & Billing,0,Diploma,0,$	40.00
Rasmussen College,,FL,Health Care Administration,3,Bachelors,3,$	40.00
Rasmussen College,,FL,Health Care Administration,3,Associates,2,$	40.00
Rasmussen College,,FL,Medical Office,4,Associates,2,$	40.00
Rasmussen College,,FL,Pharmacy Technician,2,Associates,2,$	40.00
Rasmussen College,,WI,Pharmacy Technician,2,Associates,2,$	40.00
Rasmussen College,,WI,Medical Assisting,1,Associates,2,$	40.00
Rasmussen College,,WI,Medical Coding & Billing,0,Diploma,0,$	40.00
Rasmussen College,,WI,Health Care Administration,3,Bachelors,3,$	40.00
Rasmussen College,,WI,Health Care Administration,3,Associates,2,$	40.00
Rasmussen College,,Online,Medical Office,4,Associates,2,$	40.00
Rasmussen College,,IL,Pharmacy Technician,2,Associates,2,$	40.00
Rasmussen College,,IL,Medical Coding & Billing,0,Diploma,0,$	40.00
ATI Career Training Center,School ID,State,Focus,Focus ID,Degree,Degree ID,RPL
ATI Career Training Center,,NM,Medical Assisting,1,Diploma,0,$	55.00
ATI Career Training Center,,TX,Medical Assisting,1,Diploma,0,$	55.00
ATI Career Training Center,,TX,Dental Assisting,5,Diploma,0,$	55.00
ATI Career Training Center,,TX,Pharmacy Technician,2,Associates,2,$	55.00
ATI Career Training Center,,FL,Medical Assisting,1,Associates,2,$	55.00
ATI Career Training Center,,OK,Pharmacy Technician,2,Associates,2,$	55.00
ATI Career Training Center,,OK,Medical Assisting,1,Diploma,0,$	55.00
ATI Career Training Center,,OK,Dental Assisting,5,Diploma,0,$	55.00
MedVance Institute,School ID,State,Focus,Focus ID,Degree,Degree ID,RPL
MedVance Institute,,LA,Radiology,7,Associates,2,$	45.00
MedVance Institute,,LA,Medical Coding & Billing,0,Diploma,0,$	45.00
MedVance Institute,,LA,Medical Assisting,1,Diploma,0,$	45.00
MedVance Institute,,LA,Pharmacy Technician,2,Diploma,0,$	45.00
MedVance Institute,,LA,Medical Office,4,Diploma,0,$	45.00
MedVance Institute,,TN,Radiology,7,Associates,2,$	45.00
MedVance Institute,,TN,Medical Coding & Billing,0,Diploma,0,$	45.00
MedVance Institute,,TN,Medical Assisting,1,Diploma,0,$	45.00
MedVance Institute,,TN,Pharmacy Technician,2,Diploma,0,$	45.00
MedVance Institute,,TN,Medical Office,4,Diploma,0,$	45.00
MedVance Institute,,FL,Radiology,7,Associates,2,$	45.00
MedVance Institute,,FL,Medical Coding & Billing,0,Diploma,0,$	45.00
MedVance Institute,,FL,Medical Assisting,1,Diploma,0,$	45.00
MedVance Institute,,FL,Pharmacy Technician,2,Diploma,0,$	45.00
MedVance Institute,,FL,Medical Office,4,Diploma,0,$	45.00
MedVance Institute,,TX,Medical Coding & Billing,0,Diploma,0,$	45.00
MedVance Institute,,TX,Medical Assisting,1,Diploma,0,$	45.00
Apollo College,School ID,State,Focus,Focus ID,Degree,Degree ID,RPL
Apollo College,,NM,Medical Assisting,1,Associates,2,$	50.00
Apollo College,,NM,Medical Coding & Billing,0,Associates,2,$	50.00
Apollo College,,NM,Medical Office,4,Associates,2,$	50.00
Apollo College,,NM,Dental Assisting,5,Associates,2,$	50.00
Apollo College,,NM,Pharmacy Technician,2,Associates,2,$	50.00
Apollo College,,ID,Medical Assisting,1,Associates,2,$	50.00
Apollo College,,ID,Pharmacy Technician,2,Associates,2,$	50.00
Apollo College,,ID,Medical Coding & Billing,0,Associates,2,$	50.00
Apollo College,,ID,Dental Assisting,5,Associates,2,$	50.00
Apollo College,,AZ,Pharmacy Technician,2,Associates,2,$	50.00
Apollo College,,AZ,Medical Coding & Billing,0,Associates,2,$	50.00
Apollo College,,AZ,Medical Assisting,1,Associates,2,$	50.00
Apollo College,,AZ,Veterinary,6,Associates,2,$	50.00
Apollo College,,AZ,Dental Assisting,5,Associates,2,$	50.00
Apollo College,,AZ,Medical Office,4,Associates,2,$	50.00
Apollo College,,OR,Medical Assisting,1,Associates,2,$	50.00
Apollo College,,OR,Veterinary,6,Associates,2,$	50.00
Apollo College,,OR,Dental Assisting,5,Associates,2,$	50.00
Apollo College,,OR,Pharmacy Technician,2,Associates,2,$	50.00
Apollo College,,OR,Medical Coding & Billing,0,Associates,2,$	50.00
Apollo College,,WA,Pharmacy Technician,2,Associates,2,$	50.00
Apollo College,,WA,Veterinary,6,Associates,2,$	50.00
Apollo College,,WA,Medical Coding & Billing,0,Associates,2,$	50.00
Apollo College,,WA,Dental Assisting,5,Associates,2,$	50.00
Apollo College,,WA,Medical Office,4,Associates,2,$	50.00
Apollo College,,WA,Medical Assisting,1,Associates,2,$	50.00
Kaplan College,School ID,State,Focus,Focus ID,Degree,Degree ID,RPL
Kaplan College,,CA,Medical Assisting,1,Diploma,0,$	50.00
Kaplan College,,CA,Medical Assisting,1,Certificate,1,$	50.00
Kaplan College,,CA,Medical Assisting,1,Associates,2,$	50.00
Kaplan College,,CA,Medical Office,4,Diploma,0,$	50.00
Kaplan College,,CA,Medical Office,4,Certificate,1,$	50.00
Kaplan College,,CA,Dental Assisting,5,Diploma,0,$	50.00
Kaplan College,,CA,Dental Assisting,5,Certificate,1,$	50.00
Kaplan College,,CA,Dental Assisting,5,Associates,2,$	50.00
Kaplan College,,CA,Pharmacy Technician,2,Certificate,1,$	50.00
Kaplan College,,CA,Pharmacy Technician,2,Diploma,0,$	50.00
Kaplan College,,CA,Medical Coding & Billing,0,Certificate,1,$	50.00
Kaplan College,,CA,Medical Coding & Billing,0,Diploma,0,$	50.00
Kaplan College,,CA,Medical Coding & Billing,0,Associates,2,$	50.00
Kaplan College,,CA,Health Care Administration,3,Certificate,1,$	50.00
Kaplan College,,CA,Health Care Administration,3,Associates,2,$	50.00
Kaplan College,,OH,Medical Assisting,1,Associates,2,$	50.00
Kaplan College,,OH,Medical Office,4,Certificate,1,$	50.00
Kaplan College,,CO,Pharmacy Technician,2,Certificate,1,$	50.00
Kaplan College,,CO,Medical Assisting,1,Certificate,1,$	50.00
Kaplan College,,CO,Medical Coding & Billing,0,Diploma,0,$	50.00
Kaplan College,,CO,Medical Office,4,Certificate,1,$	50.00
Kaplan College,,MD,Medical Assisting,1,Certificate,1,$	50.00
Kaplan College,,MD,Dental Assisting,5,Certificate,1,$	50.00
Kaplan College,,MD,Medical Coding & Billing,0,Certificate,1,$	50.00
Kaplan College,,IN,Medical Coding & Billing,0,Associates,2,$	50.00
Kaplan College,,IN,Medical Assisting,1,Associates,2,$	50.00
Kaplan College,,IN,Medical Assisting,1,Diploma,0,$	50.00
Kaplan College,,IN,Dental Assisting,5,Associates,2,$	50.00
Kaplan College,,IN,Medical Office,4,Associates,2,$	50.00
Kaplan College,,IN,Medical Office,4,Diploma,0,$	50.00
Kaplan College,,NV,Medical Coding & Billing,0,Associates,2,$	50.00
Kaplan College,,NV,Medical Assisting,1,Associates,2,$	50.00
Kaplan College,,NV,Pharmacy Technician,2,Associates,2,$	50.00
Kaplan College,,WI,Medical Assisting,1,Associates,2,$	50.00
Kaplan College,,WI,Pharmacy Technician,2,Associates,2,$	50.00
Kaplan College,,WI,Dental Assisting,5,Associates,2,$	50.00
Kaplan College,,WI,Medical Office,4,Associates,2,$	50.00
Kaplan College,,AZ,Veterinary,6,Associates,2,$	50.00
Kaplan College,,AZ,Medical Assisting,1,Diploma,0,$	50.00
Kaplan College,,WA,Medical Office,4,Associates,2,$	50.00
Kaplan College,,WA,Medical Assisting,1,Associates,2,$	50.00
Kaplan College,,WA,Dental Assisting,5,Associates,2,$	50.00
Brookstone College of Business,School ID,State,Focus,Focus ID,Degree,Degree ID,RPL
Brookstone College of Business,,NC,Pharmacy Technician,2,Diploma,0,$	50.00
Brookstone College of Business,,NC,Medical Assisting,1,Diploma,0,$	50.00
Brookstone College of Business,,NC,Medical Office,4,Diploma,0,$	50.00
Brown Mackie College,School ID,State,Focus,Focus ID,Degree,Degree ID,RPL
Brown Mackie College,,OH,Pharmacy Technician,2,Associates,2,$	53.00
Brown Mackie College,,OH,Medical Coding & Billing,0,Diploma,0,$	53.00
Brown Mackie College,,OH,Medical Assisting,1,Associates,2,$	53.00
Brown Mackie College,,OH,Medical Assisting,1,Diploma,0,$	53.00
Brown Mackie College,,OH,Health Care Administration,3,Associates,2,$	53.00
Brown Mackie College,,OH,Veterinary,6,Associates,2,$	53.00
Brown Mackie College,,GA,Pharmacy Technician,2,Associates,2,$	53.00
Brown Mackie College,,GA,Medical Assisting,1,Associates,2,$	53.00
Brown Mackie College,,GA,Medical Assisting,1,Diploma,0,$	53.00
Brown Mackie College,,GA,Health Care Administration,3,Associates,2,$	53.00
Brown Mackie College,,ID,Veterinary,6,Associates,2,$	53.00
Brown Mackie College,,ID,Medical Assisting,1,Associates,2,$	53.00
Brown Mackie College,,ID,Medical Assisting,1,Diploma,0,$	53.00
Brown Mackie College,,ID,Health Care Administration,3,Associates,2,$	53.00
Brown Mackie College,,ID,Health Care Administration,3,Bachelors,3,$	53.00
Brown Mackie College,,IN,Medical Assisting,1,Associates,2,$	53.00
Brown Mackie College,,IN,Medical Assisting,1,Certificate,1,$	53.00
Brown Mackie College,,IN,Medical Coding & Billing,0,Certificate,1,$	53.00
Brown Mackie College,,IN,Health Care Administration,3,Associates,2,$	53.00
Brown Mackie College,,IN,Health Care Administration,3,Bachelors,3,$	53.00
Brown Mackie College,,IN,Medical Office,4,Associates,2,$	53.00
Brown Mackie College,,IN,Veterinary,6,Associates,2,$	53.00
Brown Mackie College,,KY,Medical Assisting,1,Associates,2,$	53.00
Brown Mackie College,,KY,Medical Assisting,1,Diploma,0,$	53.00
Brown Mackie College,,KY,Medical Assisting,1,Certificate,1,$	53.00
Brown Mackie College,,KY,Medical Coding & Billing,0,Associates,2,$	53.00
Brown Mackie College,,KY,Medical Office,4,Associates,2,$	53.00
Brown Mackie College,,KY,Veterinary,6,Associates,2,$	53.00
Brown Mackie College,,KY,Pharmacy Technician,2,Associates,2,$	53.00
Brown Mackie College,,KY,Health Care Administration,3,Associates,2,$	53.00
Brown Mackie College,,KS,Medical Coding & Billing,0,Diploma,0,$	53.00
Brown Mackie College,,KS,Medical Assisting,1,Associates,2,$	53.00
Brown Mackie College,,KS,Medical Assisting,1,Diploma,0,$	53.00
Brown Mackie College,,KS,Health Care Administration,3,Associates,2,$	53.00
Brown Mackie College,,KS,Medical Office,4,Associates,2,$	53.00
Brown Mackie College,,FL,Medical Assisting,1,Associates,2,$	53.00
Brown Mackie College,,FL,Medical Assisting,1,Diploma,0,$	53.00
Brown Mackie College,,FL,Health Care Administration,3,Associates,2,$	53.00
Brown Mackie College,,IL,Medical Assisting,1,Associates,2,$	53.00
Brown Mackie College,,IL,Medical Assisting,1,Diploma,0,$	53.00
Brown Mackie College,,IL,Medical Office,4,Diploma,0,$	53.00
Brown Mackie College,,AZ,Medical Assisting,1,Associates,2,$	53.00
Brown Mackie College,,AZ,Health Care Administration,3,Associates,2,$	53.00
Brown Mackie College,,AZ,Health Care Administration,3,Bachelors,3,$	53.00
Brown Mackie College,,OK,Medical Assisting,1,Associates,2,$	53.00
Brown Mackie College,,OK,Medical Assisting,1,Diploma,0,$	53.00
Brown Mackie College,,OK,Health Care Administration,3,Bachelors,3,$	53.00
Ashford University,School ID,State,Focus,Focus ID,Degree,Degree ID,RPL
Ashford University,,Online,Health Care Administration,3,Bachelors,3,$	40.00
Ashford University,,IA,Health Care Administration,3,Bachelors,3,$	40.00
Colorado Technical University,School ID,State,Focus,Focus ID,Degree,Degree ID,RPL
Colorado Technical University,,CO,Medical Assisting,1,Associates,2,$	54.00
Colorado Technical University,,CO,Health Care Administration,3,Bachelors,3,$	54.00
Colorado Technical University,,MO,Radiology,7,Associates,2,$	54.00
Colorado Technical University,,MO,Medical Assisting,1,Associates,2,$	54.00
Colorado Technical University,,MO,Medical Assisting,1,Diploma,0,$	54.00
Colorado Technical University,,MO,Health Care Administration,3,Bachelors,3,$	54.00
Colorado Technical University,,SD,Medical Assisting,1,Associates,2,$	54.00
Colorado Technical University,,SD,Health Care Administration,3,Bachelors,3,$	54.00
Indiana Business College,School ID,State,Focus,Focus ID,Degree,Degree ID,RPL
Indiana Business College,,IN,Medical Assisting,1,Associates,2,$	45.00
Indiana Business College,,IN,Medical Office,4,Diploma,0,$	45.00
Indiana Business College,,IN,Medical Office,4,Certificate,1,$	45.00
Indiana Business College,,IN,Health Care Administration,3,Bachelors,3,$	45.00
Indiana Business College,,IN,Veterinary,6,Associates,2,$	45.00
Concorde Career College,School ID,State,Focus,Focus ID,Degree,Degree ID,RPL
Concorde Career College,,CO,Radiology,7,Associates,2,$	40.00
Concorde Career College,,CO,Dental Assisting,5,Associates,2,$	40.00
Concorde Career College,,CO,Medical Coding & Billing,0,Associates,2,$	40.00
Concorde Career College,,CO,Medical Assisting,1,Associates,2,$	40.00
Concorde Career College,,CA,Dental Assisting,5,Associates,2,$	40.00
Concorde Career College,,CA,Medical Coding & Billing,0,Associates,2,$	40.00
Concorde Career College,,CA,Medical Assisting,1,Associates,2,$	40.00
Concorde Career College,,MO,Dental Assisting,5,Associates,2,$	40.00
Concorde Career College,,MO,Medical Coding & Billing,0,Associates,2,$	40.00
Concorde Career College,,MO,Medical Assisting,1,Associates,2,$	40.00
Concorde Career College,,TN,Medical Assisting,1,Associates,2,$	40.00
Concorde Career College,,TN,Dental Assisting,5,Associates,2,$	40.00
Concorde Career College,,TN,Pharmacy Technician,2,Associates,2,$	40.00
Concorde Career College,,TN,Medical Office,4,Associates,2,$	40.00
Globe University,School ID,State,Focus,Focus ID,Degree,Degree ID,RPL
Globe University,,WI,Veterinary,6,Associates,2,$	52.00
Globe University,,WI,Medical Assisting,1,Associates,2,$	52.00
Globe University,,WI,Medical Assisting,1,Diploma,0,$	52.00
Globe University,,WI,Health Care Administration,3,Diploma,0,$	52.00
Globe University,,WI,Health Care Administration,3,Bachelors,3,$	52.00
Globe University,,WI,Medical Office,4,Associates,2,$	52.00
Globe University,,SD,Veterinary,6,Associates,2,$	52.00
Globe University,,SD,Medical Assisting,1,Associates,2,$	52.00
Globe University,,SD,Medical Assisting,1,Diploma,0,$	52.00
Globe University,,SD,Medical Office,4,Associates,2,$	52.00
Globe University,,MN,Veterinary,6,Associates,2,$	52.00
Globe University,,MN,Medical Assisting,1,Associates,2,$	52.00
Globe University,,MN,Medical Assisting,1,Diploma,0,$	52.00
Globe University,,MN,Medical Office,4,Associates,2,$	52.00
Globe University,,MN,Health Care Administration,3,Diploma,0,$	52.00
Globe University,,MN,Health Care Administration,3,Bachelors,3,$	52.00
Keiser University,School ID,State,Focus,Focus ID,Degree,Degree ID,RPL
Keiser University,,FL,Radiology,7,Associates,2,$	42.00
Keiser University,,FL,Medical Assisting,1,Associates,2,$	42.00
Keiser University,,FL,Health Care Administration,3,Associates,2,$	42.00
Keiser University,,FL,Health Care Administration,3,Bachelors,3,$	42.00
Pima Medical Institute,School ID,State,Focus,Focus ID,Degree,Degree ID,RPL
Pima Medical Institute,,NM,Medical Coding & Billing,0,Certificate,1,$	30.00
Pima Medical Institute,,NM,Radiology,7,Associates,2,$	30.00
Pima Medical Institute,,NM,Medical Assisting,1,Certificate,1,$	30.00
Pima Medical Institute,,NM,Pharmacy Technician,2,Certificate,1,$	30.00
Pima Medical Institute,,NM,Dental Assisting,5,Certificate,1,$	30.00
Pima Medical Institute,,NM,Health Care Administration,3,Certificate,1,$	30.00
Pima Medical Institute,,CA,Radiology,7,Associates,2,$	30.00
Pima Medical Institute,,CA,Medical Assisting,1,Associates,2,$	30.00
Pima Medical Institute,,CA,Pharmacy Technician,2,Associates,2,$	30.00
Pima Medical Institute,,CA,Veterinary,6,Associates,2,$	30.00
Pima Medical Institute,,CA,Medical Coding & Billing,0,Associates,2,$	30.00
Pima Medical Institute,,CA,Dental Assisting,5,Associates,2,$	30.00
Pima Medical Institute,,CO,Medical Assisting,1,Associates,2,$	30.00
Pima Medical Institute,,CO,Pharmacy Technician,2,Associates,2,$	30.00
Pima Medical Institute,,CO,Veterinary,6,Associates,2,$	30.00
Pima Medical Institute,,CO,Dental Assisting,5,Associates,2,$	30.00
Pima Medical Institute,,CO,Radiology,7,Associates,2,$	30.00
Pima Medical Institute,,CO,Medical Coding & Billing,0,Associates,2,$	30.00
Pima Medical Institute,,AZ,Pharmacy Technician,2,Associates,2,$	30.00
Pima Medical Institute,,AZ,Medical Coding & Billing,0,Associates,2,$	30.00
Pima Medical Institute,,AZ,Medical Assisting,1,Associates,2,$	30.00
Pima Medical Institute,,AZ,Veterinary,6,Associates,2,$	30.00
Pima Medical Institute,,AZ,Radiology,7,Associates,2,$	30.00
Pima Medical Institute,,AZ,Medical Assisting,1,Associates,2,$	30.00
Pima Medical Institute,,AZ,Dental Assisting,5,Associates,2,$	30.00
Pima Medical Institute,,NV,Radiology,7,Associates,2,$	30.00
Pima Medical Institute,,NV,Medical Assisting,1,Associates,2,$	30.00
Pima Medical Institute,,NV,Pharmacy Technician,2,Associates,2,$	30.00
Pima Medical Institute,,NV,Veterinary,6,Associates,2,$	30.00
Pima Medical Institute,,NV,Dental Assisting,5,Associates,2,$	30.00
Pima Medical Institute,,WA,Veterinary,6,Associates,2,$	30.00
Pima Medical Institute,,WA,Dental Assisting,5,Associates,2,$	30.00
Pima Medical Institute,,WA,Medical Assisting,1,Associates,2,$	30.00
Pima Medical Institute,,WA,Pharmacy Technician,2,Associates,2,$	30.00
Pima Medical Institute,,WA,Radiology,7,Associates,2,$	30.00
Pima Medical Institute,,WA,Veterinary,6,Associates,2,$	30.00
Fox College,School ID,State,Focus,Focus ID,Degree,Degree ID,RPL
Fox College,,IL,Veterinary,6,Associates,2,$	35.00
Vet Tech Institute,School ID,State,Focus,Focus ID,Degree,Degree ID,RPL
Vet Tech Institute,,PA,Veterinary,6,Associates,2,$	35.00
Argosy University,School ID,State,Focus,Focus ID,Degree,Degree ID,RPL
Argosy University,,MN,Radiology,7,Associates,2,$	50.00
Argosy University,,MN,Dental Assisting,5,Associates,2,$	50.00
Argosy University,,MN,Veterinary,6,Associates,2,$	50.00
Argosy University,,MN,Medical Assisting,1,Associates,2,$	50.00
Eastwick College,School ID,State,Focus,Focus ID,Degree,Degree ID,RPL
Eastwick College,,NJ,Medical Assisting,1,Associates,2,$	40.00
Eastwick College,,NJ,Medical Assisting,1,Diploma,0,$	40.00
Eastwick College,,NJ,Medical Coding & Billing,0,Certificate,1,$	40.00
Eastwick College,,NJ,Medical Office,4,Diploma,0,$	40.00
Spencerian College,School ID,State,Focus,Focus ID,Degree,Degree ID,RPL
Spencerian College,,KY,Radiology,7,Associates,2,$	50.00
Spencerian College,,KY,Medical Coding & Billing,0,Diploma,0,$	50.00
Spencerian College,,KY,Medical Assisting,1,Diploma,0,$	50.00
Spencerian College,,KY,Health Care Administration,3,Associates,2,$	50.00
Spencerian College,,KY,Health Care Administration,3,Diploma,0,$	50.00
Spencerian College,,KY,Medical Office,4,Associates,2,$	50.00